location_lat,location_lng
24.5801,-81.6829
25.6423,-80.4347
25.995,-81.6725
25.9995,-80.2412
26.0711,-97.1577
26.0787,-80.1622
26.1554,-81.7746
26.1758,-98.2386
26.199,-80.1776
26.3785,-80.1077
26.4338,-81.4014
26.9185,-81.9939
27.2067,-98.1211
27.2663,-80.8487
27.3496,-98.7369
27.4014,-82.5586
27.4981,-80.3767
27.5031,-97.8117
27.7734,-97.513
27.778,-97.6878
27.8118,-97.0888
27.8493,-82.5212
27.8947,-98.0425
28.0013,-82.1593
28.0614,-81.7568
28.2422,-80.608
28.2924,-81.4372
28.4676,-80.5666
28.4739,-82.4537
28.5148,-80.7992
28.6516,-96.682
28.7248,-96.2535
28.7797,-81.2436
28.804,-82.318
28.9444,-81.9701
28.9562,-98.5184
29.1637,-82.221
29.3009,-81.111
29.354,-89.4359
29.3594,-99.1742
29.3665,-100.7847
29.4674,-81.2063
29.5189,-95.2417
29.6073,-95.1587
29.6223,-95.6565
29.6334,-83.1054
29.6342,-104.3615
29.6375,-95.2824
29.6917,-82.276
29.6931,-91.0986
29.714,-95.395
29.7239,-98.6946
29.7268,-85.0248
29.78,-93.3
29.805,-95.8979
29.8374,-90.0245
29.8958,-97.8664
29.9521,-94.0261
29.9526,-90.0826
29.9592,-81.341
29.9761,-92.0825
29.9928,-90.2508
30.0333,-85.5333
30.0481,-102.2131
30.0494,-90.0289
30.0644,-85.5637
30.068,-95.5562
30.1314,-93.3761
30.1838,-82.5684
30.2106,-93.1432
30.2115,-91.981
30.2129,-81.8707
30.2189,-96.3742
30.2347,-81.6746
30.2427,-92.6735
30.2432,-98.9092
30.2896,-87.6718
30.3371,-81.5127
30.349,-85.788
30.3564,-87.3233
30.3678,-89.4547
30.3891,-87.6353
30.3925,-97.5621
30.3934,-86.4674
30.3959,-81.4229
30.4104,-88.9244
30.4278,-86.6893
30.4412,-93.4735
30.4628,-88.5292
30.4781,-87.1869
30.4833,-86.5254
30.4953,-81.6937
30.5155,-96.7041
30.5208,-90.4175
30.5378,-91.1468
30.5857,-100.6486
30.5881,-96.3639
30.5979,-84.5574
30.6118,-81.4612
30.6268,-88.0681
30.6883,-88.2456
30.7285,-87.0219
30.7311,-86.1538
30.7406,-98.2353
30.7439,-95.5861
30.7763,-83.2739
30.8137,-89.865
30.8857,-94.0349
30.9791,-83.1925
31.0217,-92.9107
31.0425,-86.3117
31.0448,-93.1916
31.1059,-98.1975
31.1106,-93.1533
31.1387,-97.7145
31.1793,-99.3239
31.2767,-85.711
31.3087,-86.3938
31.3213,-85.4496
31.3347,-92.5586
31.346,-85.6543
31.3514,-100.4939
31.3975,-84.8948
31.4208,-110.8458
31.429,-83.489
31.4584,-109.6068
31.4671,-89.3371
31.5365,-84.1957
31.5401,-82.5074
31.5778,-94.7094
31.5883,-110.3442
31.6056,-110.4281
31.7801,-103.2018
31.8111,-106.3758
31.8411,-99.4036
31.8606,-86.0122
31.8612,-106.3692
31.8693,-95.2174
31.8798,-106.6973
31.9206,-102.3867
32.1108,-84.1888
32.1314,-81.2023
32.1927,-82.3712
32.2126,-101.5216
32.214,-83.128
32.2153,-98.1777
32.2393,-90.9284
32.2593,-107.7205
32.3311,-102.5294
32.3335,-108.6917
32.3347,-88.7511
32.3537,-97.4338
32.4113,-99.6819
32.4122,-80.6344
32.4444,-97.8169
32.4469,-93.8242
32.4774,-80.7232
32.5144,-92.5883
32.5161,-84.9422
32.5205,-94.3078
32.5425,-93.7447
32.5521,-88.5556
32.5633,-82.9854
32.5652,-97.3081
32.567,-84.251
32.5723,-116.9802
32.5832,-96.7209
32.6091,-82.3699
32.646,-93.298
32.6809,-96.8682
32.6875,-103.217
32.6889,-83.6529
32.7092,-96.2674
32.719,-98.891
32.7339,-117.1845
32.747,-96.5304
32.78,-97.43
32.7816,-98.0602
32.8157,-117.1396
32.8274,-116.9737
32.835,-97.2986
32.8524,-104.4644
32.8542,-96.8551
32.8974,-97.022
32.8978,-79.7829
32.9147,-85.9628
32.9322,-96.4348
32.9539,-84.2594
32.9733,-97.3181
33.0062,-85.0661
33.0375,-116.9158
33.0678,-96.0653
33.0956,-94.9614
33.1283,-117.2801
33.1753,-97.8283
33.1783,-86.7817
33.205,-97.2006
33.2122,-87.6155
33.2194,-117.3494
33.227,-84.275
33.2367,-107.2681
33.2691,-111.8111
33.3116,-84.7698
33.3117,-79.3196
33.3644,-81.9633
33.4204,-112.6862
33.4224,-112.3736
33.4503,-88.5914
33.4568,-80.8595
33.5281,-112.2926
33.5297,-82.5164
33.5655,-86.7449
33.587,-80.209
33.5904,-85.8479
33.5978,-83.1389
33.6011,-97.7735
33.6123,-111.9232
33.6192,-114.7169
33.6267,-116.1594
33.6325,-83.8496
33.636,-91.7555
33.6438,-88.4438
33.6514,-97.1969
33.6637,-101.8206
33.6797,-78.9283
33.6798,-117.8674
33.7141,-96.6737
33.7611,-90.7579
33.7797,-82.8164
33.8162,-78.7204
33.8222,-116.5043
33.8285,-79.1222
33.9,-117.25
33.902,-87.314
33.912,-84.941
33.9208,-80.8013
33.9292,-78.0722
33.9333,-116.9667
33.9382,-118.3865
33.9422,-96.3944
33.9423,-81.118
33.953,-117.4349
33.9727,-80.4706
33.9753,-117.6361
33.9829,-83.9584
33.9829,-83.6674
33.995,-80.3613
34.0147,-84.5964
34.0314,-95.5398
34.047,-94.3994
34.0928,-117.7794
34.095,-82.8158
34.0997,-93.0661
34.1,-105.6833
34.1436,-103.4109
34.1469,-97.1225
34.174,-83.5607
34.181,-79.335
34.1878,-79.7308
34.1997,-118.3654
34.2156,-118.4917
34.2257,-99.2837
34.2291,-86.2558
34.257,-111.339
34.2593,-118.4134
34.2622,-88.7713
34.2638,-116.856
34.2687,-86.858
34.2719,-83.8303
34.2753,-78.7146
34.294,-116.1472
34.2997,-90.5123
34.3007,-97.0089
34.3061,-81.6414
34.3122,-84.4222
34.3444,-98.9831
34.3478,-85.1611
34.3828,-103.3221
34.3983,-96.1481
34.4227,-103.0802
34.4241,-119.8425
34.4275,-100.2833
34.4778,-97.9616
34.4978,-82.7097
34.5071,-81.9472
34.5453,-94.2025
34.5666,-117.6704
34.5975,-117.383
34.5995,-91.575
34.6042,-78.579
34.6069,-120.0756
34.6217,-79.7344
34.6294,-118.0831
34.6439,-86.7861
34.6449,-98.4033
34.6452,-106.8337
34.6491,-112.4223
34.6525,-86.9453
34.6722,-82.8814
34.6811,-90.3467
34.694,-77.0294
34.6986,-99.3381
34.7217,-84.8689
34.7273,-92.2357
34.7275,-120.5783
34.7439,-87.5996
34.7913,-79.3683
34.81,-82.7029
34.8468,-111.7884
34.8536,-116.7858
34.8822,-95.7831
34.8839,-82.2208
34.9054,-117.8837
34.915,-88.6035
34.9157,-81.9565
34.9168,-92.1465
34.9787,-89.7869
34.9837,-105.9958
34.9878,-81.0572
34.9908,-117.8631
34.9994,-77.98
35.0147,-80.6242
35.0222,-76.4625
35.028,-110.722
35.0353,-85.2038
35.0417,-106.6147
35.1314,-78.9316
35.145,-106.795
35.1575,-114.5594
35.1775,-86.0662
35.1969,-81.1555
35.2202,-101.7173
35.2225,-80.9543
35.2322,-75.6225
35.2435,-97.4708
35.2556,-81.5986
35.2578,-113.9331
35.2805,-116.63
35.3335,-94.3652
35.3567,-99.2036
35.3567,-89.8703
35.3886,-97.6003
35.3896,-80.7074
35.4147,-97.3866
35.4282,-81.9351
35.4319,-82.5375
35.4381,-94.8028
35.4606,-77.9649
35.4728,-98.0058
35.4833,-81.1612
35.5342,-97.6471
35.5544,-87.1791
35.5705,-77.0498
35.5825,-79.1014
35.613,-100.9963
35.643,-91.1735
35.6442,-80.5236
35.6558,-105.1385
35.6575,-109.0614
35.6577,-95.3658
35.6667,-75.9
35.6681,-95.9486
35.6694,-120.6291
35.695,-101.395
35.7238,-96.8203
35.7422,-81.3822
35.7636,-80.9473
35.799,-107.181
35.818,-83.9857
35.8502,-77.8952
35.8628,-98.4225
35.889,-101.03
35.8922,-78.7819
35.9301,-95.0025
35.9373,-77.5465
35.947,-114.861
35.9499,-96.7731
35.9643,-89.9439
35.9766,-115.1322
35.998,-89.4066
36.009,-86.5201
36.0103,-94.1678
36.0229,-78.3341
36.0252,-102.5487
36.0277,-76.5671
36.0296,-119.0627
36.0425,-95.99
36.0475,-79.4737
36.0969,-79.9432
36.1256,-90.9215
36.1335,-80.2244
36.1919,-94.49
36.1986,-81.6517
36.2188,-81.1002
36.2362,-115.0343
36.2577,-76.1716
36.285,-78.9842
36.2898,-94.3114
36.2925,-92.5851
36.3115,-119.6231
36.3444,-94.2211
36.3635,-78.5289
36.3712,-82.1734
36.3792,-97.7911
36.3797,-88.9857
36.4042,-90.6479
36.4129,-100.7516
36.4324,-81.4197
36.4367,-99.5208
36.4395,-77.7093
36.4483,-103.1537
36.4567,-80.5548
36.4582,-105.6724
36.4797,-82.3989
36.5729,-79.3361
36.5857,-115.6901
36.5905,-121.8487
36.6005,-121.8714
36.605,-94.7383
36.6207,-116.0287
36.6272,-80.0133
36.6541,-83.2178
36.6636,-121.6081
36.6646,-88.3728
36.6686,-87.4962
36.6817,-101.5053
36.695,-76.1356
36.6985,-93.4022
36.7003,-76.9021
36.7311,-97.0997
36.7436,-108.2293
36.7451,-97.3496
36.7732,-98.6699
36.78,-119.7194
36.7801,-76.4488
36.8211,-76.0283
36.8553,-84.8561
36.8593,-83.3585
36.8792,-91.9052
36.8933,-121.4103
36.8949,-81.3499
36.9211,-111.4487
36.9599,-113.0139
36.9645,-86.4197
37.0318,-85.9537
37.0442,-100.9599
37.0513,-84.6168
37.1322,-76.494
37.1325,-76.6088
37.1522,-94.4952
37.1824,-88.7489
37.2076,-80.4078
37.2839,-98.5528
37.2848,-120.5139
37.3169,-79.9742
37.3262,-79.2028
37.3278,-95.5042
37.3711,-118.3581
37.3805,-120.5682
37.4059,-122.049
37.4066,-77.5224
37.4393,-105.8618
37.4514,-106.8003
37.5211,-76.7647
37.5828,-109.4831
37.5913,-83.3137
37.6004,-81.5593
37.6122,-114.5264
37.6255,-120.9549
37.6469,-75.7611
37.6705,-95.4846
37.7388,-87.1668
37.7497,-97.2191
37.7833,-89.2453
37.7873,-81.1242
37.8128,-88.5449
37.8583,-80.3995
37.8606,-76.9016
37.9071,-85.9721
37.9372,-75.4662
37.9514,-79.8339
37.9538,-107.9085
37.974,-92.691
37.9917,-122.0519
38.0097,-77.97
38.0339,-84.6115
38.0431,-87.5203
38.0505,-117.0904
38.0575,-83.9829
38.0655,-97.8606
38.0887,-88.1213
38.1005,-92.5474
38.1319,-91.7653
38.1374,-78.4552
38.1418,-122.5546
38.1462,-89.7024
38.1744,-85.736
38.1847,-84.9033
38.2132,-122.2807
38.228,-85.6637
38.239,-108.5668
38.2578,-122.6053
38.2638,-78.8964
38.2662,-77.4494
38.2667,-121.95
38.3104,-75.124
38.3154,-76.5501
38.3284,-88.8529
38.3405,-75.5103
38.3566,-93.6842
38.365,-82.555
38.3775,-121.9585
38.3794,-81.5914
38.3981,-77.4555
38.428,-105.1058
38.5315,-121.7865
38.5388,-106.0494
38.5393,-76.0304
38.5452,-89.8352
38.56,-121.284
38.5912,-92.1561
38.6093,-87.7251
38.6672,-78.5011
38.6869,-80.6517
38.6897,-75.3624
38.7004,-87.1297
38.7007,-121.5948
38.7213,-88.1799
38.7214,-77.5154
38.7303,-93.5479
38.75,-104.85
38.7501,-109.7626
38.7525,-90.3734
38.7605,-87.599
38.7842,-93.8029
38.8042,-97.6488
38.8042,-76.069
38.8142,-106.1207
38.8309,-94.8903
38.8391,-99.2742
38.85,-76.93
38.9092,-121.3513
38.9467,-92.6827
38.9509,-95.6636
38.9597,-94.3714
38.9767,-76.33
39.0,-110.1667
39.001,-80.2712
39.0503,-105.5144
39.0559,-96.7617
39.0712,-88.5292
39.1021,-121.5688
39.1342,-108.54
39.1361,-121.4366
39.1435,-78.1444
39.1605,-89.6742
39.1733,-76.684
39.1906,-119.7319
39.2281,-106.3161
39.2299,-106.8705
39.2415,-102.2819
39.2953,-114.8466
39.2966,-80.2281
39.2972,-94.7306
39.3215,-76.4065
39.3612,-84.5206
39.3662,-75.0778
39.3747,-99.8297
39.4037,-77.975
39.4166,-118.701
39.4177,-77.3698
39.4256,-107.3792
39.4429,-87.3221
39.4743,-88.2723
39.4752,-106.1523
39.5078,-119.7682
39.5279,-107.7196
39.5513,-97.6508
39.5599,-104.8484
39.6014,-116.0056
39.6083,-77.0077
39.6089,-110.7555
39.6182,-78.7598
39.645,-77.468
39.6682,-119.8764
39.6982,-87.6669
39.7252,-91.4439
39.7252,-86.2816
39.7341,-77.4304
39.7719,-94.9097
39.774,-90.2419
39.7852,-104.5431
39.7988,-121.858
39.8138,-82.9278
39.825,-86.2958
39.8308,-88.8719
39.8403,-83.8402
39.8435,-85.8971
39.8466,-104.6562
39.9008,-105.1042
39.9012,-83.1369
39.9061,-84.2186
39.9194,-76.8769
39.9275,-74.2924
39.9371,-91.1966
39.9444,-81.8921
40.0117,-105.0503
40.0156,-74.5917
40.0366,-74.3525
40.0536,-106.3689
40.0788,-95.592
40.0789,-75.0134
40.0966,-92.547
40.1061,-85.6098
40.1365,-80.2902
40.1493,-97.5872
40.1519,-122.2548
40.1589,-89.3389
40.1743,-103.2146
40.175,-80.6463
40.1822,-74.1207
40.2192,-111.7234
40.2768,-74.8159
40.2797,-83.1148
40.2895,-88.1473
40.3149,-78.8307
40.3302,-75.1229
40.3552,-79.9214
40.3734,-75.9593
40.443,-109.5127
40.449,-106.7492
40.4518,-105.0113
40.4615,-91.4274
40.4719,-81.4236
40.4774,-111.433
40.4774,-88.9143
40.4812,-107.2177
40.4814,-80.2083
40.4899,-85.6797
40.493,-107.5239
40.5146,-122.2977
40.5176,-90.6481
40.5282,-86.059
40.5704,-75.4894
40.6,-116.8667
40.6133,-103.2611
40.6162,-74.2451
40.6196,-111.9902
40.6392,-73.7639
40.6499,-75.4477
40.6615,-91.3267
40.6675,-89.6839
40.6827,-74.1693
40.7012,-74.009
40.711,-86.375
40.7187,-114.0309
40.7242,-95.0222
40.727,-99.0068
40.7344,-73.4164
40.7729,-91.1254
40.7735,-80.3825
40.7769,-79.9497
40.779,-73.9692
40.7794,-73.8803
40.7989,-74.4163
40.8034,-124.1128
40.8193,-76.8658
40.8203,-82.5178
40.8217,-72.8689
40.8505,-72.6193
40.8731,-81.8867
40.8764,-74.2828
40.8941,-97.9946
40.8967,-97.6228
40.9018,-117.8082
40.9233,-88.6213
40.9329,-90.4334
40.95,-95.9178
40.9596,-72.2519
40.9611,-98.3136
40.9845,-122.6934
41.0093,-74.7363
41.0107,-95.2624
41.0185,-93.3608
41.0189,-94.361
41.0254,-80.4134
41.0375,-81.4642
41.0624,-73.7046
41.0655,-86.1817
41.073,-71.9235
41.1008,-92.4445
41.1219,-100.6683
41.135,-106.5735
41.1382,-75.3797
41.1409,-104.8691
41.1533,-104.1302
41.1566,-105.4033
41.1795,-78.8933
41.1881,-103.6774
41.1992,-74.6259
41.209,-81.2479
41.2261,-92.4938
41.2544,-80.6739
41.2731,-111.0306
41.2747,-85.8401
41.2752,-91.6748
41.2984,-93.1114
41.3072,-85.0644
41.3165,-105.6729
41.3335,-75.7227
41.3461,-82.1794
41.393,-70.6159
41.3941,-110.4059
41.4059,-95.0465
41.4148,-96.109
41.4316,-88.4152
41.4435,-106.8275
41.448,-97.3426
41.4489,-96.52
41.4741,-73.1354
41.4836,-120.5615
41.5092,-74.265
41.5097,-72.8278
41.5163,-82.8695
41.5173,-81.6832
41.5263,-85.7862
41.5324,-71.2815
41.5412,-87.5282
41.5524,-112.0622
41.5631,-83.4764
41.5651,-81.4864
41.5725,-86.7345
41.5844,-95.3397
41.587,-83.8054
41.5945,-109.0528
41.6,-106.21
41.6101,-84.1272
41.6257,-73.8816
41.6258,-80.2123
41.6584,-70.5214
41.6667,-115.7833
41.672,-70.2697
41.6791,-70.9591
41.6875,-69.9933
41.7016,-74.795
41.7097,-92.7332
41.7222,-86.0001
41.7225,-71.4325
41.7253,-106.4594
41.7297,-107.7252
41.7367,-72.6494
41.7713,-88.4815
41.778,-80.6955
41.7837,-124.238
41.7865,-111.8519
41.8191,-110.974
41.8241,-110.557
41.828,-94.1598
41.8756,-71.0211
41.8965,-88.2512
41.9338,-88.7066
41.94,-83.4347
41.9619,-100.5689
41.9855,-97.4351
41.9905,-93.6185
42.0486,-93.8486
42.0986,-83.1611
42.1078,-77.9842
42.1106,-92.9161
42.129,-86.4151
42.147,-121.7255
42.1566,-120.3972
42.1599,-76.8916
42.1912,-71.1733
42.2186,-92.0258
42.2204,-91.1604
42.224,-83.7397
42.2367,-83.5264
42.2413,-78.3714
42.2419,-96.9814
42.2475,-89.581
42.312,-85.2414
42.3606,-71.0097
42.3914,-96.3792
42.3984,-90.7091
42.4255,-87.8634
42.4372,-93.8724
42.45,-105.0333
42.4908,-76.4583
42.5512,-94.1918
42.5587,-106.8474
42.57,-72.2869
42.5748,-99.9983
42.5764,-84.8124
42.578,-110.1097
42.5841,-70.9153
42.595,-87.9381
42.6,-123.3656
42.6046,-82.8353
42.6196,-89.5931
42.6632,-83.4101
42.6832,-91.9759
42.6909,-90.4412
42.6909,-88.308
42.7126,-71.1255
42.7274,-114.4547
42.743,-93.7592
42.7461,-86.0967
42.7472,-73.7991
42.7762,-84.5997
42.7956,-109.8069
42.8067,-72.0013
42.8525,-73.9289
42.8875,-90.2315
42.8935,-73.2486
42.8975,-106.4731
42.8984,-72.2708
42.9103,-82.5332
42.9167,-97.3859
42.9203,-112.5711
42.9296,-71.4356
42.938,-85.0605
42.94,-78.736
42.9895,-96.0606
42.9931,-84.1389
43.0425,-88.2461
43.0622,-108.447
43.1235,-106.3375
43.1406,-89.3453
43.1544,-93.3261
43.1702,-88.725
43.1711,-86.2367
43.2338,-75.407
43.2755,-91.7433
43.2794,-70.9243
43.3221,-84.6879
43.3939,-70.708
43.4011,-94.7472
43.4285,-88.7017
43.4319,-83.8648
43.4393,-85.9949
43.5038,-114.2956
43.5208,-112.0661
43.5264,-89.981
43.567,-116.2405
43.5727,-71.4189
43.5769,-96.7536
43.5813,-116.5231
43.5949,-118.9579
43.6128,-110.737
43.6217,-96.2139
43.6229,-84.743
43.6271,-72.3054
43.6405,-116.6302
43.6624,-84.2621
43.6688,-92.932
43.6822,-93.3722
43.7331,-103.6114
43.745,-111.0912
43.7748,-98.0386
43.8321,-111.8075
43.8854,-104.3179
43.8922,-69.9386
43.91,-95.1072
43.9392,-90.2532
43.9581,-90.7397
43.9625,-86.4079
43.9654,-107.9502
43.9888,-76.0262
43.9911,-70.9479
44.0142,-117.0081
44.0203,-92.8295
44.0206,-92.4829
44.0219,-82.7931
44.0435,-89.304
44.0459,-103.0544
44.0485,-70.2835
44.0556,-75.7195
44.0601,-69.0993
44.1246,-123.212
44.1288,-87.6806
44.1466,-107.1744
44.2507,-90.8553
44.2559,-121.1406
44.2714,-86.2377
44.294,-104.6288
44.3207,-69.7973
44.3298,-93.3119
44.35,-112.1833
44.3592,-89.8369
44.4505,-95.8219
44.4515,-83.3942
44.4682,-73.1498
44.4736,-93.0145
44.4794,-88.1367
44.4804,-103.788
44.5202,-109.0238
44.5333,-69.6755
44.5343,-106.8049
44.5359,-72.6162
44.5437,-89.5347
44.5444,-110.4211
44.5754,-71.1759
44.5833,-124.0667
44.6153,-88.7313
44.6252,-93.2273
44.6381,-90.1875
44.65,-111.1
44.6629,-104.5678
44.6884,-111.1176
44.75,-109.37
44.7521,-95.5591
44.7588,-94.0905
44.7794,-89.671
44.7871,-88.564
44.8322,-93.4705
44.843,-117.8099
44.8596,-94.3855
44.8601,-93.032
44.8667,-91.488
44.8742,-87.9096
44.8854,-93.2313
44.8888,-72.2292
44.8936,-91.8665
44.9047,-97.1494
44.9276,-89.6251
44.9324,-93.0559
44.9412,-73.0997
44.9839,-96.1788
44.9867,-85.2022
45.0002,-92.8549
45.0166,-84.6894
45.0326,-102.02
45.0625,-93.3508
45.1111,-95.1258
45.1238,-113.8813
45.1263,-87.6444
45.1476,-92.5335
45.1566,-89.1114
45.1601,-93.846
45.2353,-93.9896
45.2575,-112.5544
45.2907,-118.0088
45.3047,-85.2747
45.3108,-92.6948
45.3725,-94.7388
45.4071,-83.8129
45.4186,-91.7764
45.4256,-84.9133
45.4646,-69.5538
45.468,-89.8096
45.4935,-90.9985
45.506,-91.981
45.5476,-122.9557
45.6044,-103.5464
45.619,-121.1657
45.6317,-89.4822
45.6536,-84.5192
45.6689,-96.9914
45.6769,-121.8789
45.6976,-118.8344
45.7064,-90.4052
45.7691,-122.8637
45.7828,-96.5461
45.7881,-111.1608
45.8069,-108.5422
45.8184,-88.1146
45.8229,-92.3706
45.8258,-119.2611
45.8528,-106.7093
45.868,-95.394
45.8886,-93.269
45.9017,-94.8727
45.9264,-89.7307
45.9309,-89.267
45.9411,-116.1326
45.9647,-112.5006
46.0072,-83.7427
46.1,-97.15
46.1155,-122.8927
46.1185,-67.7928
46.1569,-123.8825
46.187,-103.4281
46.2187,-97.6435
46.2443,-96.6072
46.2532,-84.4771
46.2696,-119.1181
46.2865,-96.1534
46.3476,-104.2594
46.3809,-94.8066
46.4267,-105.8825
46.4772,-122.8065
46.4794,-84.3572
46.5275,-90.1314
46.5468,-90.9184
46.549,-93.6757
46.6044,-111.9892
46.619,-93.3127
46.6667,-120.45
46.6667,-113.15
46.677,-122.9827
46.6987,-92.5034
46.7245,-92.0445
46.7265,-94.3849
46.768,-100.894
46.7825,-100.7572
46.8128,-101.8602
46.8404,-96.6544
46.8715,-68.0179
46.9006,-95.0678
46.9112,-96.8147
46.9258,-98.6691
46.9412,-98.018
46.9727,-123.9302
47.0338,-120.5313
47.0492,-91.745
47.1377,-122.4765
47.2111,-93.5097
47.2855,-68.3127
47.3975,-120.2012
47.4447,-122.3144
47.4669,-87.875
47.4733,-111.3822
47.4903,-122.7648
47.5047,-111.1873
47.5455,-122.3147
47.5928,-95.7735
47.6,-115.3667
47.6828,-117.3226
47.7453,-90.3457
47.7912,-99.9317
47.82,-92.6817
47.8245,-91.8307
47.8404,-96.6201
47.9492,-97.1761
47.9689,-117.4211
48.0171,-92.8538
48.0597,-96.1788
48.1142,-98.9088
48.1585,-122.1591
48.1739,-103.6367
48.2994,-116.56
48.3008,-102.4064
48.3552,-122.6635
48.381,-102.898
48.4047,-97.3709
48.4158,-101.358
48.4612,-119.5209
48.48,-99.236
48.52,-123.0264
48.5428,-109.7633
48.55,-117.8833
48.7261,-94.6121
48.7525,-96.9376
48.9402,-97.9053
24.5571,-81.7554
24.7263,-81.0477
25.4949,-80.3732
25.788,-80.3169
25.9102,-80.2828
25.9146,-97.4231
26.1597,-97.3378
26.1775,-97.9731
26.2285,-97.6544
26.2464,-80.111
26.4417,-98.1222
26.5381,-81.7567
26.5849,-81.8615
26.6851,-80.0992
26.9688,-99.2489
27.0716,-82.4403
27.1816,-80.2252
27.5437,-99.4616
27.6556,-80.4179
27.6926,-97.2911
27.7409,-98.0269
27.7685,-82.6256
27.9126,-82.6855
27.9132,-97.2132
27.9152,-82.4518
27.9471,-81.7811
27.9633,-82.54
27.9889,-82.0186
28.0198,-82.3415
28.0837,-97.0466
28.0997,-80.6356
28.209,-100.019
28.2281,-82.1559
28.3692,-97.7953
28.4183,-81.3241
28.4567,-99.2183
28.5465,-81.3354
28.615,-80.6945
28.8214,-81.8096
28.8625,-96.9297
28.866,-82.5741
28.9731,-95.8633
29.0569,-80.9491
29.067,-81.2837
29.1154,-95.4632
29.1735,-81.0719
29.2113,-99.7436
29.25,-89.966
29.2543,-96.1544
29.2653,-94.8604
29.3333,-89.4075
29.3389,-98.4717
29.343,-98.8497
29.3742,-100.9272
29.3842,-98.5811
29.4447,-90.2611
29.505,-95.4765
29.5291,-97.4643
29.5297,-98.2789
29.5337,-98.4698
29.5634,-90.6628
29.7086,-98.0453
29.7095,-91.339
29.8448,-82.0475
29.908,-96.95
29.9333,-90.1333
29.9469,-100.1739
29.9767,-99.0855
29.9844,-95.3607
30.0292,-91.8845
30.0692,-93.8036
30.071,-94.216
30.0719,-83.5736
30.1256,-93.2277
30.1715,-96.9784
30.1727,-90.9406
30.1945,-97.6699
30.3207,-97.7601
30.3433,-89.8222
30.3564,-95.008
30.3567,-95.4139
30.3707,-104.0118
30.3842,-103.6836
30.3935,-84.3513
30.4119,-89.0808
30.46,-87.877
30.4967,-97.9659
30.5069,-86.9597
30.5105,-99.7665
30.5271,-98.3588
30.5584,-92.0994
30.6808,-97.6767
30.7044,-87.0231
30.7157,-96.3314
30.7183,-91.4787
30.735,-101.203
30.7503,-92.6883
30.7771,-86.5194
30.7873,-98.6608
30.8317,-93.3399
30.837,-85.1835
30.8458,-85.6014
30.8721,-96.6222
30.8794,-96.9711
30.902,-83.881
30.9119,-102.9167
30.9716,-84.6369
31.0559,-82.7741
31.0673,-97.8289
31.0849,-83.8033
31.0858,-97.6865
31.1377,-83.7041
31.1522,-81.3908
31.1525,-97.4078
31.1784,-90.4719
31.2359,-94.7546
31.2504,-82.3957
31.2589,-81.4661
31.2694,-89.2561
31.3097,-95.4039
31.3558,-85.7511
31.3824,-103.5107
31.3963,-92.2827
31.4,-93.2833
31.4158,-87.044
31.4213,-97.797
31.4767,-82.8606
31.4849,-97.3165
31.554,-81.8825
31.6058,-90.4093
31.6159,-91.2972
31.618,-97.2283
31.6412,-96.5144
31.6531,-97.0707
31.6659,-98.1486
31.6839,-83.2709
31.7358,-93.0992
31.7784,-95.7047
31.7936,-98.9565
31.8331,-104.8098
31.8457,-86.6107
31.8731,-106.6975
31.885,-82.647
31.8872,-81.5624
31.924,-98.5977
31.9478,-102.2086
31.9516,-85.1312
31.9888,-83.7739
32.01,-81.1457
32.0311,-96.3989
32.0365,-102.101
32.0843,-97.0958
32.1315,-110.9564
32.1422,-111.1746
32.1441,-94.8539
32.1638,-95.8284
32.1667,-110.8833
32.1951,-81.8696
32.2244,-80.6975
32.2885,-106.9132
32.3003,-86.4061
32.3033,-90.4085
32.3197,-90.0775
32.3239,-84.9826
32.3336,-104.2584
32.3348,-90.2225
32.3481,-91.0299
32.3541,-95.4024
32.3829,-86.3658
32.384,-94.7115
32.4208,-99.8546
32.4603,-96.9107
32.4638,-87.954
32.4674,-100.4666
32.4831,-81.7372
32.5019,-93.6626
32.5156,-92.0299
32.563,-117.1109
32.6151,-85.434
32.6261,-116.4683
32.631,-108.1466
32.6401,-83.5918
32.6453,-81.5971
32.6566,-114.606
32.6583,-97.0951
32.6753,-102.6527
32.6922,-117.2098
32.6934,-100.9505
32.6988,-97.0469
32.699,-94.9489
32.701,-80.003
32.7403,-95.4945
32.7561,-91.8806
32.781,-97.4365
32.8198,-97.3624
32.825,-115.6606
32.8342,-115.5786
32.8351,-105.9941
32.8519,-106.1085
32.8566,-109.636
32.8645,-117.1366
32.8875,-112.72
32.8986,-80.0405
32.921,-80.6406
32.9359,-111.4265
32.9549,-111.7668
32.9667,-82.8382
32.9686,-96.8364
33.063,-80.279
33.11,-98.5553
33.1542,-83.2406
33.1615,-95.6189
33.1779,-96.5905
33.1855,-80.0362
33.2208,-92.814
33.2338,-119.4559
33.2544,-97.5806
33.2578,-81.3883
33.286,-117.456
33.3013,-117.3551
33.3074,-104.5082
33.3078,-111.6555
33.3544,-84.5689
33.4277,-112.0038
33.4331,-88.8486
33.4537,-93.991
33.4608,-111.7283
33.4668,-105.5278
33.4669,-82.0384
33.4829,-90.9856
33.4943,-90.0847
33.535,-112.3832
33.5742,-117.1285
33.5932,-95.0636
33.6228,-92.7634
33.6301,-84.4418
33.631,-85.152
33.6366,-95.4507
33.6509,-81.6821
33.6903,-112.0662
33.7172,-79.857
33.7776,-84.5246
33.7963,-118.0418
33.8034,-118.3396
33.8118,-118.1472
33.8606,-98.4904
33.872,-117.9798
33.8738,-88.4897
33.8784,-84.298
33.8977,-117.6024
33.9133,-94.8546
33.9154,-84.5163
33.9228,-118.3352
33.9486,-83.3263
33.972,-80.9938
33.9726,-86.0891
33.9786,-98.4928
34.021,-118.4471
34.0235,-118.2912
34.0263,-106.9037
34.0532,-117.5768
34.086,-118.0348
34.0903,-117.2471
34.1159,-84.8506
34.1681,-101.7173
34.1798,-91.9344
34.2001,-119.2041
34.2119,-119.0916
34.2487,-82.1591
34.2686,-110.002
34.2706,-77.9026
34.2803,-87.6004
34.2836,-80.5649
34.295,-103.786
34.315,-81.109
34.3667,-118.5667
34.3843,-89.5368
34.4031,-80.1192
34.4494,-79.8901
34.4737,-85.7214
34.478,-93.0962
34.4917,-88.2011
34.5184,-109.3801
34.5467,-93.5781
34.5575,-98.4167
34.594,-83.296
34.6082,-79.059
34.6594,-87.3488
34.6656,-120.4675
34.6665,-99.2681
34.6787,-86.6848
34.6887,-86.0059
34.7063,-77.4407
34.7111,-97.2233
34.7128,-79.9622
34.7229,-80.8546
34.7326,-76.6566
34.7412,-118.2125
34.7434,-118.7253
34.7583,-82.3764
34.7675,-114.6189
34.7893,-81.1958
34.8043,-96.6712
34.8251,-77.6189
34.8364,-92.2619
34.8487,-82.35
34.8544,-83.9973
34.8578,-102.3264
34.8614,-86.5572
34.8941,-120.4521
34.8954,-79.7575
34.8972,-76.8813
34.9752,-78.3628
34.9894,-99.0525
34.9896,-78.8801
35.0028,-105.6628
35.0187,-94.6202
35.0194,-80.0784
35.0366,-79.4973
35.0564,-89.9863
35.0594,-118.1519
35.0675,-77.0472
35.0961,-97.9661
35.135,-118.4392
35.1351,-90.2344
35.1443,-111.6664
35.1653,-107.9021
35.1753,-79.0077
35.1805,-103.6014
35.1939,-83.8618
35.2115,-84.7998
35.2135,-91.7393
35.2228,-83.415
35.2368,-120.642
35.2372,-79.3911
35.2574,-93.0949
35.2747,-96.6752
35.2913,-95.0955
35.3022,-112.1942
35.3314,-77.6088
35.3446,-77.9458
35.3573,-96.9428
35.3786,-78.7336
35.38,-86.246
35.3992,-84.5618
35.4167,-80.1508
35.4344,-119.0542
35.4881,-97.8236
35.5086,-108.7932
35.5381,-98.9336
35.5408,-78.3903
35.5448,-98.6685
35.5931,-88.9167
35.5946,-92.4455
35.611,-106.0957
35.6374,-77.3851
35.6527,-79.8942
35.6588,-117.8295
35.6656,-121.2847
35.6854,-117.692
35.704,-79.504
35.7259,-91.6518
35.7811,-80.3038
35.8192,-81.6097
35.8317,-90.6464
35.8517,-97.4142
35.858,-102.013
35.8789,-106.2621
35.8929,-100.4046
35.919,-75.6955
35.935,-79.0659
35.9404,-89.8308
35.9458,-112.1554
35.9513,-85.085
36.0182,-75.6713
36.023,-84.2336
36.0528,-85.5359
36.0719,-115.1634
36.1189,-86.6892
36.1622,-97.0892
36.1753,-96.1518
36.1802,-94.1175
36.1984,-95.8881
36.212,-115.194
36.2615,-93.1547
36.2927,-95.4796
36.2967,-99.7689
36.2975,-77.1708
36.3024,-119.9397
36.3135,-119.3884
36.33,-77.635
36.3392,-97.9165
36.3689,-92.4705
36.3724,-94.107
36.3989,-76.0164
36.4259,-105.2903
36.4372,-79.851
36.5321,-93.2005
36.6106,-83.7374
36.6169,-87.4117
36.6656,-76.3206
36.6824,-76.6019
36.6869,-77.4828
36.6871,-82.0333
36.6883,-78.0545
36.7418,-104.5076
36.7661,-80.8236
36.7664,-96.0129
36.7696,-88.5847
36.7739,-90.3249
36.9,-106.5833
36.9036,-76.1919
36.9062,-94.0128
36.9375,-76.2893
36.9394,-121.79
36.9827,-77.0014
36.9851,-120.1106
36.9875,-82.53
37.0008,-101.88
37.0564,-88.7739
37.062,-81.7977
37.0639,-89.2232
37.0816,-121.5968
37.0829,-76.3605
37.087,-84.077
37.0906,-113.5931
37.0912,-95.5726
37.1373,-80.6785
37.1431,-107.7602
37.1584,-95.7784
37.1681,-97.0369
37.1838,-77.5074
37.2253,-89.5708
37.2416,-76.7167
37.2457,-93.3886
37.2622,-104.3318
37.2833,-102.6139
37.2863,-107.056
37.2958,-81.2077
37.3071,-108.6264
37.3329,-121.8198
37.3363,-88.1097
37.3539,-78.4372
37.3559,-87.3982
37.3594,-121.9244
37.4495,-94.7311
37.4611,-122.1151
37.5011,-105.1669
37.5115,-77.3234
37.5119,-122.2483
37.5136,-122.4996
37.578,-84.77
37.6167,-109.4667
37.6196,-122.3656
37.6219,-97.2682
37.624,-118.838
37.6308,-84.3323
37.6472,-97.4294
37.6589,-122.1211
37.6928,-121.8144
37.7013,-112.149
37.7017,-98.7469
37.7067,-113.097
37.7081,-77.4344
37.7178,-122.2329
37.7416,-92.1407
37.751,-82.6367
37.755,-89.0111
37.7608,-99.9683
37.7626,-90.4293
37.7984,-94.7694
37.8065,-87.6823
37.89,-121.2264
37.9275,-100.7244
38.0304,-120.4146
38.0495,-103.5133
38.0582,-97.2745
38.0718,-102.6874
38.0972,-106.1689
38.146,-76.4285
38.2472,-78.0456
38.2506,-86.9472
38.286,-76.4118
38.2887,-104.5057
38.3025,-95.725
38.3289,-96.1939
38.3443,-98.8592
38.3557,-119.5188
38.3667,-110.7167
38.3796,-88.4135
38.4225,-113.0109
38.4844,-106.3169
38.5033,-77.3013
38.5037,-122.811
38.5054,-107.8981
38.5067,-121.496
38.5095,-89.09
38.5261,-77.8574
38.5339,-106.933
38.564,-90.1487
38.5876,-90.9938
38.5876,-77.715
38.6446,-88.9612
38.6572,-90.6558
38.6673,-88.4527
38.6676,-121.4006
38.6784,-104.7566
38.7074,-93.1759
38.715,-77.181
38.7242,-120.7533
38.7578,-104.3013
38.7869,-108.0658
38.8095,-104.6887
38.8108,-76.867
38.8169,-92.2183
38.8472,-77.0345
38.85,-94.7392
38.8728,-98.8131
38.8853,-79.8528
38.8897,-90.0316
38.8984,-119.9962
38.9146,-82.0986
38.9297,-90.43
38.9348,-77.4473
38.9439,-104.5684
38.9554,-121.0864
38.9697,-104.8131
38.9701,-75.8663
38.9806,-76.9223
38.9913,-76.4891
38.9949,-79.1459
39.0083,-95.2117
39.0108,-74.9079
39.0136,-87.6485
39.0446,-84.6723
39.0725,-95.6261
39.078,-77.5575
39.0784,-84.2102
39.0854,-76.7594
39.1033,-84.4186
39.1167,-94.6
39.1209,-94.5972
39.1278,-123.2001
39.1295,-75.466
39.1353,-96.6778
39.1432,-86.6168
39.1696,-77.1655
39.2119,-82.2293
39.2231,-104.6422
39.224,-121.003
39.2619,-85.8963
39.2733,-103.6674
39.275,-120.7097
39.2814,-76.6111
39.32,-120.1396
39.3325,-94.3096
39.3375,-112.5861
39.342,-86.031
39.3451,-81.4392
39.3675,-101.6931
39.4279,-83.7921
39.43,-101.0511
39.452,-74.567
39.4662,-76.1688
39.4944,-121.6222
39.5,-117.0833
39.531,-84.3953
39.5351,-89.3294
39.5827,-79.3418
39.5855,-85.7998
39.589,-84.2249
39.6391,-90.7818
39.6443,-106.9144
39.6499,-79.9206
39.6744,-75.6057
39.7062,-77.7304
39.7133,-104.7581
39.7556,-82.6571
39.7619,-101.7963
39.7945,-105.7639
39.8233,-93.5792
39.8261,-84.0483
39.8453,-89.684
39.8733,-75.2268
39.9408,-74.8407
39.979,-75.8655
39.9889,-75.5803
39.9907,-82.8769
40.0167,-124.0667
40.0264,-82.4634
40.0307,-86.2514
40.0324,-88.2755
40.0378,-105.2274
40.0444,-107.8883
40.0503,-105.5839
40.0684,-118.5702
40.0781,-83.0781
40.0853,-78.5122
40.0993,-102.2431
40.1206,-76.2945
40.1376,-75.2684
40.1611,-105.1604
40.1838,-112.9217
40.1962,-76.7725
40.2031,-87.5897
40.204,-100.5904
40.2044,-84.5319
40.2184,-76.8552
40.2247,-83.3516
40.2345,-85.3936
40.238,-75.5549
40.2759,-79.4048
40.2964,-78.32
40.3013,-96.7541
40.3167,-112.3
40.3268,-82.5201
40.3315,-103.807
40.3723,-83.8192
40.4124,-86.9474
40.4368,-75.3802
40.4374,-104.6332
40.4381,-76.5643
40.4521,-99.3365
40.5103,-101.6201
40.5153,-106.8677
40.553,-124.1334
40.5716,-102.2768
40.6006,-98.4258
40.6065,-95.8635
40.6163,-83.0635
40.624,-74.669
40.6306,-93.9008
40.6322,-79.1055
40.6481,-86.1521
40.684,-92.901
40.7081,-84.0214
40.7454,-106.2754
40.746,-122.9223
40.7533,-95.4112
40.7707,-111.965
40.7911,-99.7772
40.7939,-73.1017
40.824,-115.7863
40.8478,-96.7647
40.8534,-77.8401
40.859,-74.0562
40.9181,-81.4434
40.9467,-91.5111
40.9479,-87.1826
40.9725,-85.2064
40.9785,-124.1048
41.0136,-83.6686
41.0231,-89.3885
41.037,-107.4998
41.0467,-78.4117
41.052,-105.4694
41.0521,-91.9834
41.0522,-93.6897
41.0687,-87.8537
41.0994,-102.9856
41.1111,-111.9623
41.1167,-114.9667
41.1183,-95.9125
41.1195,-101.7697
41.1579,-104.8081
41.1642,-73.1266
41.1695,-71.5787
41.1941,-112.0168
41.196,-96.1123
41.2406,-96.5946
41.243,-76.9217
41.253,-70.061
41.2612,-95.7604
41.2638,-72.8868
41.3119,-95.9018
41.3149,-122.317
41.3279,-72.0489
41.3302,-86.6648
41.3357,-84.4285
41.3509,-71.8054
41.3518,-89.1496
41.367,-91.1406
41.3715,-73.4822
41.3779,-79.8604
41.3839,-72.5059
41.3989,-92.9431
41.4057,-81.8519
41.4365,-99.6385
41.4417,-104.3467
41.4482,-90.5236
41.4535,-86.9981
41.5045,-74.0999
41.5175,-88.179
41.5323,-109.4604
41.534,-93.6531
41.5971,-71.4121
41.6031,-88.1016
41.6121,-87.4091
41.6134,-90.5948
41.6234,-98.9488
41.6394,-91.5445
41.6404,-85.0851
41.6701,-93.019
41.6878,-93.5694
41.7014,-94.9205
41.7033,-86.8212
41.7072,-86.3164
41.7302,-98.0545
41.7358,-83.6553
41.7425,-72.1825
41.7432,-89.6655
41.7635,-96.1779
41.7737,-122.4682
41.7841,-87.7551
41.7984,-78.6354
41.8065,-107.1952
41.8153,-85.4376
41.8295,-90.3328
41.8678,-84.0794
41.8747,-103.6011
41.883,-91.7246
41.8906,-89.0817
41.9085,-70.7279
41.9197,-84.5853
41.9208,-71.4914
41.9305,-104.945
41.9308,-109.9687
41.9308,-85.0543
41.9389,-72.6832
41.9597,-85.5934
41.9842,-95.38
41.9875,-87.9319
42.0444,-94.7889
42.0454,-90.1101
42.0572,-102.8
42.0613,-104.1584
42.0744,-124.29
42.0744,-70.2182
42.08,-80.1825
42.0983,-70.6722
42.1208,-87.9047
42.1534,-79.258
42.1601,-72.7124
42.1666,-112.2966
42.1933,-89.0933
42.194,-72.5348
42.2068,-75.9799
42.2121,-71.1142
42.2283,-85.546
42.2314,-83.3308
42.2524,-84.9525
42.2617,-84.4615
42.2706,-71.8731
42.32,-113.33
42.3508,-86.2561
42.375,-122.877
42.4073,-83.0089
42.4269,-73.289
42.4536,-91.9476
42.4681,-71.2946
42.47,-98.688
42.4708,-93.27
42.4785,-114.4774
42.4932,-79.2762
42.5429,-83.1779
42.5453,-113.7686
42.5519,-71.7558
42.5544,-92.4013
42.5658,-84.4232
42.5709,-77.7131
42.5833,-108.2833
42.5902,-117.8646
42.5926,-76.2149
42.5972,-95.2399
42.6213,-89.0419
42.6294,-83.9842
42.6416,-111.5799
42.6439,-77.053
42.6973,-73.1696
42.7112,-110.9422
42.7317,-95.5558
42.7586,-87.8178
42.7748,-96.1924
42.7798,-71.5141
42.796,-105.3804
42.8154,-108.7261
42.8367,-105.8618
42.8374,-103.0981
42.8586,-100.5514
42.8808,-85.5228
42.955,-87.9044
42.9667,-83.7494
43.0194,-91.1211
43.0206,-102.5183
43.0436,-115.8724
43.0665,-83.2716
43.073,-92.6132
43.0779,-70.8233
43.0796,-94.2723
43.1,-110.32
43.1083,-78.9382
43.1096,-88.0305
43.1111,-76.1038
43.1153,-89.5311
43.1167,-77.6767
43.1561,-90.6775
43.1683,-95.2101
43.2049,-71.5026
43.208,-95.8352
43.2111,-90.1873
43.2337,-123.3577
43.2348,-93.6241
43.3384,-73.6102
43.3421,-72.5213
43.3504,-76.3832
43.3906,-99.8422
43.4195,-124.2437
43.4226,-88.1326
43.4588,-83.4455
43.467,-108.238
43.5237,-89.7734
43.5281,-84.0813
43.5349,-72.9514
43.5484,-109.6903
43.5814,-90.8997
43.6424,-70.3044
43.6455,-94.4168
43.6496,-94.9884
43.6551,-95.5792
43.677,-92.1742
43.7224,-85.4977
43.7659,-99.3216
43.7696,-88.4907
43.7748,-87.849
43.7771,-71.756
43.7774,-82.9827
43.8792,-91.253
43.8989,-106.639
43.9042,-92.4917
43.9325,-105.4465
43.964,-69.7108
43.967,-88.5581
43.9854,-96.2976
43.9855,-73.0955
43.9856,-94.553
43.9905,-95.781
44.016,-97.086
44.0511,-101.6011
44.0702,-93.5534
44.0727,-103.2108
44.0772,-91.7083
44.095,-121.2
44.1191,-93.2569
44.1451,-103.1036
44.1708,-114.9272
44.2035,-72.5623
44.2197,-106.1041
44.2228,-93.9193
44.2495,-95.6119
44.2595,-88.5157
44.2708,-71.3035
44.2785,-85.4207
44.3048,-96.8169
44.3227,-94.5024
44.3342,-89.0202
44.3394,-105.5419
44.3591,-84.6739
44.3659,-71.5522
44.3812,-106.7195
44.3827,-100.286
44.3852,-98.2286
44.3853,-74.2062
44.4029,-118.9672
44.4201,-72.0193
44.4498,-68.3616
44.4971,-123.2895
44.5174,-108.0752
44.523,-114.2161
44.5483,-95.0804
44.5691,-72.018
44.5804,-124.0579
44.5926,-92.4844
44.6252,-86.2008
44.6509,-73.4681
44.6799,-75.4642
44.6803,-84.7289
44.7297,-96.2623
44.7342,-103.862
44.739,-85.5679
44.7603,-106.9741
44.7792,-95.0303
44.8074,-68.8281
44.8394,-87.4219
44.8942,-116.0998
44.9049,-123.001
44.9358,-74.8455
44.9675,-95.7116
45.0717,-83.5644
45.0949,-94.5084
45.1046,-90.3025
45.1426,-93.2127
45.1945,-123.1361
45.1984,-89.71
45.2249,-96.0041
45.2466,-122.7709
45.3057,-96.4244
45.3106,-91.6381
45.331,-95.6469
45.4175,-123.8087
45.421,-123.8144
45.4436,-98.4138
45.5118,-118.4247
45.5442,-94.0516
45.5464,-100.4078
45.5511,-122.4089
45.5628,-93.2644
45.5643,-93.608
45.5644,-84.7929
45.5677,-95.9659
45.5958,-122.6092
45.621,-122.6542
45.6456,-95.3188
45.6478,-68.6925
45.6928,-85.5662
45.6963,-92.9542
45.6983,-110.4408
45.7057,-94.9308
45.7227,-87.0937
45.8663,-84.6344
45.9167,-102.1667
45.9509,-94.3441
45.9746,-86.1718
45.9884,-95.9935
46.0149,-102.656
46.0244,-92.8991
46.0303,-91.4426
46.0946,-118.2858
46.1204,-89.8802
46.1442,-115.5964
46.1514,-89.2108
46.1731,-98.0799
46.218,-100.245
46.25,-114.15
46.3111,-85.4572
46.3405,-87.3953
46.3745,-117.0154
46.4021,-94.1273
46.4119,-86.6508
46.4163,-92.8049
46.4333,-109.8333
46.4502,-95.2135
46.564,-120.5348
46.5667,-119.6
46.6833,-92.0925
46.689,-68.0448
46.7438,-117.1158
46.7973,-102.8019
46.8285,-95.8857
46.8435,-92.1866
46.9208,-114.0925
46.9252,-103.9821
46.9733,-122.9033
46.99,-94.2039
47.0493,-109.4667
47.0792,-122.5808
47.1039,-122.2872
47.1387,-104.8072
47.166,-88.4807
47.193,-119.3145
47.2381,-123.1408
47.2521,-91.4098
47.2675,-122.5761
47.2765,-121.3382
47.29,-101.581
47.3076,-119.5159
47.3258,-106.9475
47.3804,-92.8324
47.4228,-98.1059
47.4274,-92.4972
47.451,-99.151
47.4542,-115.6697
47.4951,-122.2144
47.5076,-94.9278
47.6151,-117.6558
47.6214,-117.5278
47.6458,-101.4394
47.7069,-104.1926
47.7743,-116.8196
47.7832,-93.6533
47.7966,-103.2552
47.8366,-90.3864
47.9233,-122.2831
47.9375,-124.555
47.9611,-97.4012
48.0945,-105.5751
48.1219,-123.5066
48.1501,-94.512
48.2142,-106.6213
48.2515,-122.6737
48.252,-101.2689
48.3042,-114.2636
48.3904,-100.0243
48.4709,-122.4209
48.5594,-93.3956
48.6011,-113.1147
48.6084,-112.3761
48.7081,-122.909
48.726,-116.295
48.7531,-98.3937
48.7838,-97.6296
48.7991,-122.5406
48.856,-95.6971
48.8844,-99.6208
48.929,-103.297
48.9318,-95.3405
